timestamp,uuid,screenOn,timezone,utc_date_time,local_date_time,local_date,local_time,local_hour,local_minute
1483887562,3f1d7407-83b5-4fec-8379-6f829b9cf56d,true,Europe/London,2017-01-08 14:59:22,2017-01-08 14:59:22,2017-01-08,14:59:22,14,59
1484036065,3f1d7407-83b5-4fec-8379-6f829b9cf56d,true,Europe/London,2017-01-10 08:14:25,2017-01-10 08:14:25,2017-01-10,08:14:25,8,14
1484036090,3f1d7407-83b5-4fec-8379-6f829b9cf56d,false,Europe/London,2017-01-10 08:14:50,2017-01-10 08:14:50,2017-01-10,08:14:50,8,14
1484036210,3f1d7407-83b5-4fec-8379-6f829b9cf56d,false,Europe/London,2017-01-10 08:16:50,2017-01-10 08:16:50,2017-01-10,08:16:50,8,16
1484036315,3f1d7407-83b5-4fec-8379-6f829b9cf56d,false,Europe/London,2017-01-10 08:18:35,2017-01-10 08:18:35,2017-01-10,08:18:35,8,18
1484036435,3f1d7407-83b5-4fec-8379-6f829b9cf56d,false,Europe/London,2017-01-10 08:20:35,2017-01-10 08:20:35,2017-01-10,08:20:35,8,20
1484036450,3f1d7407-83b5-4fec-8379-6f829b9cf56d,false,Europe/London,2017-01-10 08:20:50,2017-01-10 08:20:50,2017-01-10,08:20:50,8,20
1484036555,3f1d7407-83b5-4fec-8379-6f829b9cf56d,false,Europe/London,2017-01-10 08:22:35,2017-01-10 08:22:35,2017-01-10,08:22:35,8,22
1484036595,3f1d7407-83b5-4fec-8379-6f829b9cf56d,false,Europe/London,2017-01-10 08:23:15,2017-01-10 08:23:15,2017-01-10,08:23:15,8,23
1484036690,3f1d7407-83b5-4fec-8379-6f829b9cf56d,false,Europe/London,2017-01-10 08:24:50,2017-01-10 08:24:50,2017-01-10,08:24:50,8,24
1484036810,3f1d7407-83b5-4fec-8379-6f829b9cf56d,false,Europe/London,2017-01-10 08:26:50,2017-01-10 08:26:50,2017-01-10,08:26:50,8,26
1484036915,3f1d7407-83b5-4fec-8379-6f829b9cf56d,false,Europe/London,2017-01-10 08:28:35,2017-01-10 08:28:35,2017-01-10,08:28:35,8,28
1484037015,3f1d7407-83b5-4fec-8379-6f829b9cf56d,false,Europe/London,2017-01-10 08:30:15,2017-01-10 08:30:15,2017-01-10,08:30:15,8,30
1484037095,3f1d7407-83b5-4fec-8379-6f829b9cf56d,false,Europe/London,2017-01-10 08:31:35,2017-01-10 08:31:35,2017-01-10,08:31:35,8,31
1484037195,3f1d7407-83b5-4fec-8379-6f829b9cf56d,false,Europe/London,2017-01-10 08:33:15,2017-01-10 08:33:15,2017-01-10,08:33:15,8,33
1484037290,3f1d7407-83b5-4fec-8379-6f829b9cf56d,false,Europe/London,2017-01-10 08:34:50,2017-01-10 08:34:50,2017-01-10,08:34:50,8,34
1484037410,3f1d7407-83b5-4fec-8379-6f829b9cf56d,false,Europe/London,2017-01-10 08:36:50,2017-01-10 08:36:50,2017-01-10,08:36:50,8,36
1484037515,3f1d7407-83b5-4fec-8379-6f829b9cf56d,false,Europe/London,2017-01-10 08:38:35,2017-01-10 08:38:35,2017-01-10,08:38:35,8,38
1484037615,3f1d7407-83b5-4fec-8379-6f829b9cf56d,false,Europe/London,2017-01-10 08:40:15,2017-01-10 08:40:15,2017-01-10,08:40:15,8,40
1484037735,3f1d7407-83b5-4fec-8379-6f829b9cf56d,false,Europe/London,2017-01-10 08:42:15,2017-01-10 08:42:15,2017-01-10,08:42:15,8,42
1484037975,3f1d7407-83b5-4fec-8379-6f829b9cf56d,false,Europe/London,2017-01-10 08:46:15,2017-01-10 08:46:15,2017-01-10,08:46:15,8,46
1484037995,3f1d7407-83b5-4fec-8379-6f829b9cf56d,false,Europe/London,2017-01-10 08:46:35,2017-01-10 08:46:35,2017-01-10,08:46:35,8,46
1484038070,3f1d7407-83b5-4fec-8379-6f829b9cf56d,false,Europe/London,2017-01-10 08:47:50,2017-01-10 08:47:50,2017-01-10,08:47:50,8,47
1484038215,3f1d7407-83b5-4fec-8379-6f829b9cf56d,false,Europe/London,2017-01-10 08:50:15,2017-01-10 08:50:15,2017-01-10,08:50:15,8,50
1484038310,3f1d7407-83b5-4fec-8379-6f829b9cf56d,false,Europe/London,2017-01-10 08:51:50,2017-01-10 08:51:50,2017-01-10,08:51:50,8,51
1484038430,3f1d7407-83b5-4fec-8379-6f829b9cf56d,false,Europe/London,2017-01-10 08:53:50,2017-01-10 08:53:50,2017-01-10,08:53:50,8,53
1484038515,3f1d7407-83b5-4fec-8379-6f829b9cf56d,false,Europe/London,2017-01-10 08:55:15,2017-01-10 08:55:15,2017-01-10,08:55:15,8,55
1484038730,3f1d7407-83b5-4fec-8379-6f829b9cf56d,false,Europe/London,2017-01-10 08:58:50,2017-01-10 08:58:50,2017-01-10,08:58:50,8,58
1484038895,3f1d7407-83b5-4fec-8379-6f829b9cf56d,false,Europe/London,2017-01-10 09:01:35,2017-01-10 09:01:35,2017-01-10,09:01:35,9,1
1484039030,3f1d7407-83b5-4fec-8379-6f829b9cf56d,false,Europe/London,2017-01-10 09:03:50,2017-01-10 09:03:50,2017-01-10,09:03:50,9,3
1484039355,3f1d7407-83b5-4fec-8379-6f829b9cf56d,false,Europe/London,2017-01-10 09:09:15,2017-01-10 09:09:15,2017-01-10,09:09:15,9,9
1484039615,3f1d7407-83b5-4fec-8379-6f829b9cf56d,false,Europe/London,2017-01-10 09:13:35,2017-01-10 09:13:35,2017-01-10,09:13:35,9,13
1484039895,3f1d7407-83b5-4fec-8379-6f829b9cf56d,false,Europe/London,2017-01-10 09:18:15,2017-01-10 09:18:15,2017-01-10,09:18:15,9,18
1484039990,3f1d7407-83b5-4fec-8379-6f829b9cf56d,false,Europe/London,2017-01-10 09:19:50,2017-01-10 09:19:50,2017-01-10,09:19:50,9,19
1484040315,3f1d7407-83b5-4fec-8379-6f829b9cf56d,false,Europe/London,2017-01-10 09:25:15,2017-01-10 09:25:15,2017-01-10,09:25:15,9,25
1484040755,3f1d7407-83b5-4fec-8379-6f829b9cf56d,false,Europe/London,2017-01-10 09:32:35,2017-01-10 09:32:35,2017-01-10,09:32:35,9,32
1484041355,3f1d7407-83b5-4fec-8379-6f829b9cf56d,false,Europe/London,2017-01-10 09:42:35,2017-01-10 09:42:35,2017-01-10,09:42:35,9,42
1484042166,3f1d7407-83b5-4fec-8379-6f829b9cf56d,false,Europe/London,2017-01-10 09:56:06,2017-01-10 09:56:06,2017-01-10,09:56:06,9,56
1484042457,3f1d7407-83b5-4fec-8379-6f829b9cf56d,true,Europe/London,2017-01-10 10:00:57,2017-01-10 10:00:57,2017-01-10,10:00:57,10,0
1484073395,3f1d7407-83b5-4fec-8379-6f829b9cf56d,false,Europe/London,2017-01-10 18:36:35,2017-01-10 18:36:35,2017-01-10,18:36:35,18,36
1484073472,3f1d7407-83b5-4fec-8379-6f829b9cf56d,true,Europe/London,2017-01-10 18:37:52,2017-01-10 18:37:52,2017-01-10,18:37:52,18,37
1484073532,3f1d7407-83b5-4fec-8379-6f829b9cf56d,true,Europe/London,2017-01-10 18:38:52,2017-01-10 18:38:52,2017-01-10,18:38:52,18,38
1484073559,3f1d7407-83b5-4fec-8379-6f829b9cf56d,true,Europe/London,2017-01-10 18:39:19,2017-01-10 18:39:19,2017-01-10,18:39:19,18,39
1484073712,3f1d7407-83b5-4fec-8379-6f829b9cf56d,true,Europe/London,2017-01-10 18:41:52,2017-01-10 18:41:52,2017-01-10,18:41:52,18,41
1484073892,3f1d7407-83b5-4fec-8379-6f829b9cf56d,true,Europe/London,2017-01-10 18:44:52,2017-01-10 18:44:52,2017-01-10,18:44:52,18,44
1484083009,3f1d7407-83b5-4fec-8379-6f829b9cf56d,true,Europe/London,2017-01-10 21:16:49,2017-01-10 21:16:49,2017-01-10,21:16:49,21,16
1484083111,3f1d7407-83b5-4fec-8379-6f829b9cf56d,true,Europe/London,2017-01-10 21:18:31,2017-01-10 21:18:31,2017-01-10,21:18:31,21,18
1484083201,3f1d7407-83b5-4fec-8379-6f829b9cf56d,true,Europe/London,2017-01-10 21:20:01,2017-01-10 21:20:01,2017-01-10,21:20:01,21,20
1484083222,3f1d7407-83b5-4fec-8379-6f829b9cf56d,true,Europe/London,2017-01-10 21:20:22,2017-01-10 21:20:22,2017-01-10,21:20:22,21,20
1484146943,3f1d7407-83b5-4fec-8379-6f829b9cf56d,false,Europe/London,2017-01-11 15:02:23,2017-01-11 15:02:23,2017-01-11,15:02:23,15,2
1484147003,3f1d7407-83b5-4fec-8379-6f829b9cf56d,false,Europe/London,2017-01-11 15:03:23,2017-01-11 15:03:23,2017-01-11,15:03:23,15,3
1484147073,3f1d7407-83b5-4fec-8379-6f829b9cf56d,false,Europe/London,2017-01-11 15:04:33,2017-01-11 15:04:33,2017-01-11,15:04:33,15,4
1484147183,3f1d7407-83b5-4fec-8379-6f829b9cf56d,false,Europe/London,2017-01-11 15:06:23,2017-01-11 15:06:23,2017-01-11,15:06:23,15,6
1484147253,3f1d7407-83b5-4fec-8379-6f829b9cf56d,false,Europe/London,2017-01-11 15:07:33,2017-01-11 15:07:33,2017-01-11,15:07:33,15,7
1484147343,3f1d7407-83b5-4fec-8379-6f829b9cf56d,false,Europe/London,2017-01-11 15:09:03,2017-01-11 15:09:03,2017-01-11,15:09:03,15,9
1484147433,3f1d7407-83b5-4fec-8379-6f829b9cf56d,false,Europe/London,2017-01-11 15:10:33,2017-01-11 15:10:33,2017-01-11,15:10:33,15,10
1484147523,3f1d7407-83b5-4fec-8379-6f829b9cf56d,false,Europe/London,2017-01-11 15:12:03,2017-01-11 15:12:03,2017-01-11,15:12:03,15,12
1484147603,3f1d7407-83b5-4fec-8379-6f829b9cf56d,false,Europe/London,2017-01-11 15:13:23,2017-01-11 15:13:23,2017-01-11,15:13:23,15,13
1484147703,3f1d7407-83b5-4fec-8379-6f829b9cf56d,false,Europe/London,2017-01-11 15:15:03,2017-01-11 15:15:03,2017-01-11,15:15:03,15,15
1484147783,3f1d7407-83b5-4fec-8379-6f829b9cf56d,false,Europe/London,2017-01-11 15:16:23,2017-01-11 15:16:23,2017-01-11,15:16:23,15,16
1484147853,3f1d7407-83b5-4fec-8379-6f829b9cf56d,false,Europe/London,2017-01-11 15:17:33,2017-01-11 15:17:33,2017-01-11,15:17:33,15,17
1484147963,3f1d7407-83b5-4fec-8379-6f829b9cf56d,false,Europe/London,2017-01-11 15:19:23,2017-01-11 15:19:23,2017-01-11,15:19:23,15,19
1484148033,3f1d7407-83b5-4fec-8379-6f829b9cf56d,false,Europe/London,2017-01-11 15:20:33,2017-01-11 15:20:33,2017-01-11,15:20:33,15,20
1484148143,3f1d7407-83b5-4fec-8379-6f829b9cf56d,false,Europe/London,2017-01-11 15:22:23,2017-01-11 15:22:23,2017-01-11,15:22:23,15,22
1484148213,3f1d7407-83b5-4fec-8379-6f829b9cf56d,false,Europe/London,2017-01-11 15:23:33,2017-01-11 15:23:33,2017-01-11,15:23:33,15,23
1484148303,3f1d7407-83b5-4fec-8379-6f829b9cf56d,false,Europe/London,2017-01-11 15:25:03,2017-01-11 15:25:03,2017-01-11,15:25:03,15,25
1484148393,3f1d7407-83b5-4fec-8379-6f829b9cf56d,false,Europe/London,2017-01-11 15:26:33,2017-01-11 15:26:33,2017-01-11,15:26:33,15,26
1484148483,3f1d7407-83b5-4fec-8379-6f829b9cf56d,false,Europe/London,2017-01-11 15:28:03,2017-01-11 15:28:03,2017-01-11,15:28:03,15,28
1484148563,3f1d7407-83b5-4fec-8379-6f829b9cf56d,false,Europe/London,2017-01-11 15:29:23,2017-01-11 15:29:23,2017-01-11,15:29:23,15,29
1484148604,3f1d7407-83b5-4fec-8379-6f829b9cf56d,false,Europe/London,2017-01-11 15:30:04,2017-01-11 15:30:04,2017-01-11,15:30:04,15,30
1484148623,3f1d7407-83b5-4fec-8379-6f829b9cf56d,false,Europe/London,2017-01-11 15:30:23,2017-01-11 15:30:23,2017-01-11,15:30:23,15,30
1484176427,3f1d7407-83b5-4fec-8379-6f829b9cf56d,true,Europe/London,2017-01-11 23:13:47,2017-01-11 23:13:47,2017-01-11,23:13:47,23,13
1484176447,3f1d7407-83b5-4fec-8379-6f829b9cf56d,true,Europe/London,2017-01-11 23:14:07,2017-01-11 23:14:07,2017-01-11,23:14:07,23,14
1484176587,3f1d7407-83b5-4fec-8379-6f829b9cf56d,true,Europe/London,2017-01-11 23:16:27,2017-01-11 23:16:27,2017-01-11,23:16:27,23,16
1484325028,3f1d7407-83b5-4fec-8379-6f829b9cf56d,false,Europe/London,2017-01-13 16:30:28,2017-01-13 16:30:28,2017-01-13,16:30:28,16,30
1484325080,3f1d7407-83b5-4fec-8379-6f829b9cf56d,false,Europe/London,2017-01-13 16:31:20,2017-01-13 16:31:20,2017-01-13,16:31:20,16,31
1484325200,3f1d7407-83b5-4fec-8379-6f829b9cf56d,false,Europe/London,2017-01-13 16:33:20,2017-01-13 16:33:20,2017-01-13,16:33:20,16,33
1484325280,3f1d7407-83b5-4fec-8379-6f829b9cf56d,false,Europe/London,2017-01-13 16:34:40,2017-01-13 16:34:40,2017-01-13,16:34:40,16,34
1484325380,3f1d7407-83b5-4fec-8379-6f829b9cf56d,false,Europe/London,2017-01-13 16:36:20,2017-01-13 16:36:20,2017-01-13,16:36:20,16,36
1484325470,3f1d7407-83b5-4fec-8379-6f829b9cf56d,false,Europe/London,2017-01-13 16:37:50,2017-01-13 16:37:50,2017-01-13,16:37:50,16,37
1484325580,3f1d7407-83b5-4fec-8379-6f829b9cf56d,false,Europe/London,2017-01-13 16:39:40,2017-01-13 16:39:40,2017-01-13,16:39:40,16,39
1484325680,3f1d7407-83b5-4fec-8379-6f829b9cf56d,false,Europe/London,2017-01-13 16:41:20,2017-01-13 16:41:20,2017-01-13,16:41:20,16,41
1484325770,3f1d7407-83b5-4fec-8379-6f829b9cf56d,false,Europe/London,2017-01-13 16:42:50,2017-01-13 16:42:50,2017-01-13,16:42:50,16,42
1484325890,3f1d7407-83b5-4fec-8379-6f829b9cf56d,false,Europe/London,2017-01-13 16:44:50,2017-01-13 16:44:50,2017-01-13,16:44:50,16,44
1484325980,3f1d7407-83b5-4fec-8379-6f829b9cf56d,false,Europe/London,2017-01-13 16:46:20,2017-01-13 16:46:20,2017-01-13,16:46:20,16,46
1484326070,3f1d7407-83b5-4fec-8379-6f829b9cf56d,false,Europe/London,2017-01-13 16:47:50,2017-01-13 16:47:50,2017-01-13,16:47:50,16,47
1484326180,3f1d7407-83b5-4fec-8379-6f829b9cf56d,false,Europe/London,2017-01-13 16:49:40,2017-01-13 16:49:40,2017-01-13,16:49:40,16,49
1484326280,3f1d7407-83b5-4fec-8379-6f829b9cf56d,false,Europe/London,2017-01-13 16:51:20,2017-01-13 16:51:20,2017-01-13,16:51:20,16,51
1484326354,3f1d7407-83b5-4fec-8379-6f829b9cf56d,false,Europe/London,2017-01-13 16:52:34,2017-01-13 16:52:34,2017-01-13,16:52:34,16,52
1484326460,3f1d7407-83b5-4fec-8379-6f829b9cf56d,false,Europe/London,2017-01-13 16:54:20,2017-01-13 16:54:20,2017-01-13,16:54:20,16,54
1484326550,3f1d7407-83b5-4fec-8379-6f829b9cf56d,false,Europe/London,2017-01-13 16:55:50,2017-01-13 16:55:50,2017-01-13,16:55:50,16,55
1484326660,3f1d7407-83b5-4fec-8379-6f829b9cf56d,false,Europe/London,2017-01-13 16:57:40,2017-01-13 16:57:40,2017-01-13,16:57:40,16,57
1484326760,3f1d7407-83b5-4fec-8379-6f829b9cf56d,false,Europe/London,2017-01-13 16:59:20,2017-01-13 16:59:20,2017-01-13,16:59:20,16,59
1484326850,3f1d7407-83b5-4fec-8379-6f829b9cf56d,true,Europe/London,2017-01-13 17:00:50,2017-01-13 17:00:50,2017-01-13,17:00:50,17,0
1484326852,3f1d7407-83b5-4fec-8379-6f829b9cf56d,true,Europe/London,2017-01-13 17:00:52,2017-01-13 17:00:52,2017-01-13,17:00:52,17,0
1484326919,3f1d7407-83b5-4fec-8379-6f829b9cf56d,false,Europe/London,2017-01-13 17:01:59,2017-01-13 17:01:59,2017-01-13,17:01:59,17,1
1484419827,3f1d7407-83b5-4fec-8379-6f829b9cf56d,false,Europe/London,2017-01-14 18:50:27,2017-01-14 18:50:27,2017-01-14,18:50:27,18,50
1484682759,3f1d7407-83b5-4fec-8379-6f829b9cf56d,false,Europe/London,2017-01-17 19:52:39,2017-01-17 19:52:39,2017-01-17,19:52:39,19,52
1484683886,3f1d7407-83b5-4fec-8379-6f829b9cf56d,false,Europe/London,2017-01-17 20:11:26,2017-01-17 20:11:26,2017-01-17,20:11:26,20,11
1484684270,3f1d7407-83b5-4fec-8379-6f829b9cf56d,false,Europe/London,2017-01-17 20:17:50,2017-01-17 20:17:50,2017-01-17,20:17:50,20,17
1484684429,3f1d7407-83b5-4fec-8379-6f829b9cf56d,false,Europe/London,2017-01-17 20:20:29,2017-01-17 20:20:29,2017-01-17,20:20:29,20,20
1484687370,3f1d7407-83b5-4fec-8379-6f829b9cf56d,false,Europe/London,2017-01-17 21:09:30,2017-01-17 21:09:30,2017-01-17,21:09:30,21,9
1484688768,3f1d7407-83b5-4fec-8379-6f829b9cf56d,false,Europe/London,2017-01-17 21:32:48,2017-01-17 21:32:48,2017-01-17,21:32:48,21,32
1484689960,3f1d7407-83b5-4fec-8379-6f829b9cf56d,false,Europe/London,2017-01-17 21:52:40,2017-01-17 21:52:40,2017-01-17,21:52:40,21,52
1484691071,3f1d7407-83b5-4fec-8379-6f829b9cf56d,false,Europe/London,2017-01-17 22:11:11,2017-01-17 22:11:11,2017-01-17,22:11:11,22,11
1484691632,3f1d7407-83b5-4fec-8379-6f829b9cf56d,false,Europe/London,2017-01-17 22:20:32,2017-01-17 22:20:32,2017-01-17,22:20:32,22,20
1484730361,3f1d7407-83b5-4fec-8379-6f829b9cf56d,true,Europe/London,2017-01-18 09:06:01,2017-01-18 09:06:01,2017-01-18,09:06:01,9,6
1484730417,3f1d7407-83b5-4fec-8379-6f829b9cf56d,false,Europe/London,2017-01-18 09:06:57,2017-01-18 09:06:57,2017-01-18,09:06:57,9,6
1484730497,3f1d7407-83b5-4fec-8379-6f829b9cf56d,false,Europe/London,2017-01-18 09:08:17,2017-01-18 09:08:17,2017-01-18,09:08:17,9,8
1484730568,3f1d7407-83b5-4fec-8379-6f829b9cf56d,false,Europe/London,2017-01-18 09:09:28,2017-01-18 09:09:28,2017-01-18,09:09:28,9,9
1484730677,3f1d7407-83b5-4fec-8379-6f829b9cf56d,false,Europe/London,2017-01-18 09:11:17,2017-01-18 09:11:17,2017-01-18,09:11:17,9,11
1484730748,3f1d7407-83b5-4fec-8379-6f829b9cf56d,false,Europe/London,2017-01-18 09:12:28,2017-01-18 09:12:28,2017-01-18,09:12:28,9,12
1484730857,3f1d7407-83b5-4fec-8379-6f829b9cf56d,false,Europe/London,2017-01-18 09:14:17,2017-01-18 09:14:17,2017-01-18,09:14:17,9,14
1484730928,3f1d7407-83b5-4fec-8379-6f829b9cf56d,false,Europe/London,2017-01-18 09:15:28,2017-01-18 09:15:28,2017-01-18,09:15:28,9,15
1484731037,3f1d7407-83b5-4fec-8379-6f829b9cf56d,false,Europe/London,2017-01-18 09:17:17,2017-01-18 09:17:17,2017-01-18,09:17:17,9,17
1484731137,3f1d7407-83b5-4fec-8379-6f829b9cf56d,false,Europe/London,2017-01-18 09:18:57,2017-01-18 09:18:57,2017-01-18,09:18:57,9,18
1484731217,3f1d7407-83b5-4fec-8379-6f829b9cf56d,false,Europe/London,2017-01-18 09:20:17,2017-01-18 09:20:17,2017-01-18,09:20:17,9,20
1484731317,3f1d7407-83b5-4fec-8379-6f829b9cf56d,false,Europe/London,2017-01-18 09:21:57,2017-01-18 09:21:57,2017-01-18,09:21:57,9,21
1484731408,3f1d7407-83b5-4fec-8379-6f829b9cf56d,false,Europe/London,2017-01-18 09:23:28,2017-01-18 09:23:28,2017-01-18,09:23:28,9,23
1484731517,3f1d7407-83b5-4fec-8379-6f829b9cf56d,false,Europe/London,2017-01-18 09:25:17,2017-01-18 09:25:17,2017-01-18,09:25:17,9,25
1484731588,3f1d7407-83b5-4fec-8379-6f829b9cf56d,false,Europe/London,2017-01-18 09:26:28,2017-01-18 09:26:28,2017-01-18,09:26:28,9,26
1484731697,3f1d7407-83b5-4fec-8379-6f829b9cf56d,false,Europe/London,2017-01-18 09:28:17,2017-01-18 09:28:17,2017-01-18,09:28:17,9,28
1484731797,3f1d7407-83b5-4fec-8379-6f829b9cf56d,false,Europe/London,2017-01-18 09:29:57,2017-01-18 09:29:57,2017-01-18,09:29:57,9,29
1484731977,3f1d7407-83b5-4fec-8379-6f829b9cf56d,false,Europe/London,2017-01-18 09:32:57,2017-01-18 09:32:57,2017-01-18,09:32:57,9,32
1484732057,3f1d7407-83b5-4fec-8379-6f829b9cf56d,false,Europe/London,2017-01-18 09:34:17,2017-01-18 09:34:17,2017-01-18,09:34:17,9,34
1484732188,3f1d7407-83b5-4fec-8379-6f829b9cf56d,false,Europe/London,2017-01-18 09:36:28,2017-01-18 09:36:28,2017-01-18,09:36:28,9,36
1484732297,3f1d7407-83b5-4fec-8379-6f829b9cf56d,false,Europe/London,2017-01-18 09:38:17,2017-01-18 09:38:17,2017-01-18,09:38:17,9,38
1484732397,3f1d7407-83b5-4fec-8379-6f829b9cf56d,false,Europe/London,2017-01-18 09:39:57,2017-01-18 09:39:57,2017-01-18,09:39:57,9,39
1484732417,3f1d7407-83b5-4fec-8379-6f829b9cf56d,false,Europe/London,2017-01-18 09:40:17,2017-01-18 09:40:17,2017-01-18,09:40:17,9,40
1484732517,3f1d7407-83b5-4fec-8379-6f829b9cf56d,false,Europe/London,2017-01-18 09:41:57,2017-01-18 09:41:57,2017-01-18,09:41:57,9,41
1484732597,3f1d7407-83b5-4fec-8379-6f829b9cf56d,false,Europe/London,2017-01-18 09:43:17,2017-01-18 09:43:17,2017-01-18,09:43:17,9,43
1484732697,3f1d7407-83b5-4fec-8379-6f829b9cf56d,false,Europe/London,2017-01-18 09:44:57,2017-01-18 09:44:57,2017-01-18,09:44:57,9,44
1484732817,3f1d7407-83b5-4fec-8379-6f829b9cf56d,false,Europe/London,2017-01-18 09:46:57,2017-01-18 09:46:57,2017-01-18,09:46:57,9,46
1484732937,3f1d7407-83b5-4fec-8379-6f829b9cf56d,false,Europe/London,2017-01-18 09:48:57,2017-01-18 09:48:57,2017-01-18,09:48:57,9,48
1484732957,3f1d7407-83b5-4fec-8379-6f829b9cf56d,false,Europe/London,2017-01-18 09:49:17,2017-01-18 09:49:17,2017-01-18,09:49:17,9,49
1484733057,3f1d7407-83b5-4fec-8379-6f829b9cf56d,false,Europe/London,2017-01-18 09:50:57,2017-01-18 09:50:57,2017-01-18,09:50:57,9,50
1484733197,3f1d7407-83b5-4fec-8379-6f829b9cf56d,false,Europe/London,2017-01-18 09:53:17,2017-01-18 09:53:17,2017-01-18,09:53:17,9,53
1484733317,3f1d7407-83b5-4fec-8379-6f829b9cf56d,false,Europe/London,2017-01-18 09:55:17,2017-01-18 09:55:17,2017-01-18,09:55:17,9,55
1484733448,3f1d7407-83b5-4fec-8379-6f829b9cf56d,false,Europe/London,2017-01-18 09:57:28,2017-01-18 09:57:28,2017-01-18,09:57:28,9,57
1484733597,3f1d7407-83b5-4fec-8379-6f829b9cf56d,false,Europe/London,2017-01-18 09:59:57,2017-01-18 09:59:57,2017-01-18,09:59:57,9,59
1484733777,3f1d7407-83b5-4fec-8379-6f829b9cf56d,false,Europe/London,2017-01-18 10:02:57,2017-01-18 10:02:57,2017-01-18,10:02:57,10,2
1484733837,3f1d7407-83b5-4fec-8379-6f829b9cf56d,false,Europe/London,2017-01-18 10:03:57,2017-01-18 10:03:57,2017-01-18,10:03:57,10,3
1484733988,3f1d7407-83b5-4fec-8379-6f829b9cf56d,false,Europe/London,2017-01-18 10:06:28,2017-01-18 10:06:28,2017-01-18,10:06:28,10,6
1484734217,3f1d7407-83b5-4fec-8379-6f829b9cf56d,false,Europe/London,2017-01-18 10:10:17,2017-01-18 10:10:17,2017-01-18,10:10:17,10,10
1484734397,3f1d7407-83b5-4fec-8379-6f829b9cf56d,false,Europe/London,2017-01-18 10:13:17,2017-01-18 10:13:17,2017-01-18,10:13:17,10,13
1484734648,3f1d7407-83b5-4fec-8379-6f829b9cf56d,false,Europe/London,2017-01-18 10:17:28,2017-01-18 10:17:28,2017-01-18,10:17:28,10,17
1484734817,3f1d7407-83b5-4fec-8379-6f829b9cf56d,false,Europe/London,2017-01-18 10:20:17,2017-01-18 10:20:17,2017-01-18,10:20:17,10,20
1484734997,3f1d7407-83b5-4fec-8379-6f829b9cf56d,false,Europe/London,2017-01-18 10:23:17,2017-01-18 10:23:17,2017-01-18,10:23:17,10,23
1484755365,3f1d7407-83b5-4fec-8379-6f829b9cf56d,false,Europe/London,2017-01-18 16:02:45,2017-01-18 16:02:45,2017-01-18,16:02:45,16,2
1484755632,3f1d7407-83b5-4fec-8379-6f829b9cf56d,false,Europe/London,2017-01-18 16:07:12,2017-01-18 16:07:12,2017-01-18,16:07:12,16,7
1484756107,3f1d7407-83b5-4fec-8379-6f829b9cf56d,false,Europe/London,2017-01-18 16:15:07,2017-01-18 16:15:07,2017-01-18,16:15:07,16,15
1484756185,3f1d7407-83b5-4fec-8379-6f829b9cf56d,false,Europe/London,2017-01-18 16:16:25,2017-01-18 16:16:25,2017-01-18,16:16:25,16,16
1484757288,3f1d7407-83b5-4fec-8379-6f829b9cf56d,false,Europe/London,2017-01-18 16:34:48,2017-01-18 16:34:48,2017-01-18,16:34:48,16,34
1484757740,3f1d7407-83b5-4fec-8379-6f829b9cf56d,false,Europe/London,2017-01-18 16:42:20,2017-01-18 16:42:20,2017-01-18,16:42:20,16,42
1484760405,3f1d7407-83b5-4fec-8379-6f829b9cf56d,false,Europe/London,2017-01-18 17:26:45,2017-01-18 17:26:45,2017-01-18,17:26:45,17,26
1484761806,3f1d7407-83b5-4fec-8379-6f829b9cf56d,false,Europe/London,2017-01-18 17:50:06,2017-01-18 17:50:06,2017-01-18,17:50:06,17,50
1484765591,3f1d7407-83b5-4fec-8379-6f829b9cf56d,false,Europe/London,2017-01-18 18:53:11,2017-01-18 18:53:11,2017-01-18,18:53:11,18,53
1484775221,3f1d7407-83b5-4fec-8379-6f829b9cf56d,false,Europe/London,2017-01-18 21:33:41,2017-01-18 21:33:41,2017-01-18,21:33:41,21,33
1484776916,3f1d7407-83b5-4fec-8379-6f829b9cf56d,false,Europe/London,2017-01-18 22:01:56,2017-01-18 22:01:56,2017-01-18,22:01:56,22,1
1484780130,3f1d7407-83b5-4fec-8379-6f829b9cf56d,false,Europe/London,2017-01-18 22:55:30,2017-01-18 22:55:30,2017-01-18,22:55:30,22,55
1484782245,3f1d7407-83b5-4fec-8379-6f829b9cf56d,false,Europe/London,2017-01-18 23:30:45,2017-01-18 23:30:45,2017-01-18,23:30:45,23,30
1484784115,3f1d7407-83b5-4fec-8379-6f829b9cf56d,false,Europe/London,2017-01-19 00:01:55,2017-01-19 00:01:55,2017-01-19,00:01:55,0,1
1484784115,3f1d7407-83b5-4fec-8379-6f829b9cf56d,false,Europe/London,2017-01-19 00:01:55,2017-01-19 00:01:55,2017-01-19,00:01:55,0,1
1484784387,3f1d7407-83b5-4fec-8379-6f829b9cf56d,true,Europe/London,2017-01-19 00:06:27,2017-01-19 00:06:27,2017-01-19,00:06:27,0,6
1484784387,3f1d7407-83b5-4fec-8379-6f829b9cf56d,true,Europe/London,2017-01-19 00:06:27,2017-01-19 00:06:27,2017-01-19,00:06:27,0,6
1484784536,3f1d7407-83b5-4fec-8379-6f829b9cf56d,true,Europe/London,2017-01-19 00:08:56,2017-01-19 00:08:56,2017-01-19,00:08:56,0,8
1484784536,3f1d7407-83b5-4fec-8379-6f829b9cf56d,true,Europe/London,2017-01-19 00:08:56,2017-01-19 00:08:56,2017-01-19,00:08:56,0,8
1484784556,3f1d7407-83b5-4fec-8379-6f829b9cf56d,true,Europe/London,2017-01-19 00:09:16,2017-01-19 00:09:16,2017-01-19,00:09:16,0,9
1484784556,3f1d7407-83b5-4fec-8379-6f829b9cf56d,true,Europe/London,2017-01-19 00:09:16,2017-01-19 00:09:16,2017-01-19,00:09:16,0,9
1484784627,3f1d7407-83b5-4fec-8379-6f829b9cf56d,true,Europe/London,2017-01-19 00:10:27,2017-01-19 00:10:27,2017-01-19,00:10:27,0,10
1484784627,3f1d7407-83b5-4fec-8379-6f829b9cf56d,true,Europe/London,2017-01-19 00:10:27,2017-01-19 00:10:27,2017-01-19,00:10:27,0,10
1484784856,3f1d7407-83b5-4fec-8379-6f829b9cf56d,true,Europe/London,2017-01-19 00:14:16,2017-01-19 00:14:16,2017-01-19,00:14:16,0,14
1484784856,3f1d7407-83b5-4fec-8379-6f829b9cf56d,true,Europe/London,2017-01-19 00:14:16,2017-01-19 00:14:16,2017-01-19,00:14:16,0,14
1484784896,3f1d7407-83b5-4fec-8379-6f829b9cf56d,true,Europe/London,2017-01-19 00:14:56,2017-01-19 00:14:56,2017-01-19,00:14:56,0,14
1484784896,3f1d7407-83b5-4fec-8379-6f829b9cf56d,true,Europe/London,2017-01-19 00:14:56,2017-01-19 00:14:56,2017-01-19,00:14:56,0,14
1484785047,3f1d7407-83b5-4fec-8379-6f829b9cf56d,true,Europe/London,2017-01-19 00:17:27,2017-01-19 00:17:27,2017-01-19,00:17:27,0,17
1484785047,3f1d7407-83b5-4fec-8379-6f829b9cf56d,true,Europe/London,2017-01-19 00:17:27,2017-01-19 00:17:27,2017-01-19,00:17:27,0,17
1484785227,3f1d7407-83b5-4fec-8379-6f829b9cf56d,true,Europe/London,2017-01-19 00:20:27,2017-01-19 00:20:27,2017-01-19,00:20:27,0,20
1484785227,3f1d7407-83b5-4fec-8379-6f829b9cf56d,true,Europe/London,2017-01-19 00:20:27,2017-01-19 00:20:27,2017-01-19,00:20:27,0,20
1484785287,3f1d7407-83b5-4fec-8379-6f829b9cf56d,true,Europe/London,2017-01-19 00:21:27,2017-01-19 00:21:27,2017-01-19,00:21:27,0,21
1484785287,3f1d7407-83b5-4fec-8379-6f829b9cf56d,true,Europe/London,2017-01-19 00:21:27,2017-01-19 00:21:27,2017-01-19,00:21:27,0,21
1484785376,3f1d7407-83b5-4fec-8379-6f829b9cf56d,true,Europe/London,2017-01-19 00:22:56,2017-01-19 00:22:56,2017-01-19,00:22:56,0,22
1484785376,3f1d7407-83b5-4fec-8379-6f829b9cf56d,true,Europe/London,2017-01-19 00:22:56,2017-01-19 00:22:56,2017-01-19,00:22:56,0,22
1484785636,3f1d7407-83b5-4fec-8379-6f829b9cf56d,true,Europe/London,2017-01-19 00:27:16,2017-01-19 00:27:16,2017-01-19,00:27:16,0,27
1484785636,3f1d7407-83b5-4fec-8379-6f829b9cf56d,true,Europe/London,2017-01-19 00:27:16,2017-01-19 00:27:16,2017-01-19,00:27:16,0,27
1484785796,3f1d7407-83b5-4fec-8379-6f829b9cf56d,true,Europe/London,2017-01-19 00:29:56,2017-01-19 00:29:56,2017-01-19,00:29:56,0,29
1484785796,3f1d7407-83b5-4fec-8379-6f829b9cf56d,true,Europe/London,2017-01-19 00:29:56,2017-01-19 00:29:56,2017-01-19,00:29:56,0,29
1484786179,3f1d7407-83b5-4fec-8379-6f829b9cf56d,true,Europe/London,2017-01-19 00:36:19,2017-01-19 00:36:19,2017-01-19,00:36:19,0,36
1484786179,3f1d7407-83b5-4fec-8379-6f829b9cf56d,true,Europe/London,2017-01-19 00:36:19,2017-01-19 00:36:19,2017-01-19,00:36:19,0,36
1484786429,3f1d7407-83b5-4fec-8379-6f829b9cf56d,true,Europe/London,2017-01-19 00:40:29,2017-01-19 00:40:29,2017-01-19,00:40:29,0,40
1484786429,3f1d7407-83b5-4fec-8379-6f829b9cf56d,true,Europe/London,2017-01-19 00:40:29,2017-01-19 00:40:29,2017-01-19,00:40:29,0,40
1484786489,3f1d7407-83b5-4fec-8379-6f829b9cf56d,true,Europe/London,2017-01-19 00:41:29,2017-01-19 00:41:29,2017-01-19,00:41:29,0,41
1484786489,3f1d7407-83b5-4fec-8379-6f829b9cf56d,true,Europe/London,2017-01-19 00:41:29,2017-01-19 00:41:29,2017-01-19,00:41:29,0,41
1484786609,3f1d7407-83b5-4fec-8379-6f829b9cf56d,true,Europe/London,2017-01-19 00:43:29,2017-01-19 00:43:29,2017-01-19,00:43:29,0,43
1484786609,3f1d7407-83b5-4fec-8379-6f829b9cf56d,true,Europe/London,2017-01-19 00:43:29,2017-01-19 00:43:29,2017-01-19,00:43:29,0,43
1484786669,3f1d7407-83b5-4fec-8379-6f829b9cf56d,true,Europe/London,2017-01-19 00:44:29,2017-01-19 00:44:29,2017-01-19,00:44:29,0,44
1484786669,3f1d7407-83b5-4fec-8379-6f829b9cf56d,true,Europe/London,2017-01-19 00:44:29,2017-01-19 00:44:29,2017-01-19,00:44:29,0,44
1484786699,3f1d7407-83b5-4fec-8379-6f829b9cf56d,true,Europe/London,2017-01-19 00:44:59,2017-01-19 00:44:59,2017-01-19,00:44:59,0,44
1484786699,3f1d7407-83b5-4fec-8379-6f829b9cf56d,true,Europe/London,2017-01-19 00:44:59,2017-01-19 00:44:59,2017-01-19,00:44:59,0,44
1484786849,3f1d7407-83b5-4fec-8379-6f829b9cf56d,true,Europe/London,2017-01-19 00:47:29,2017-01-19 00:47:29,2017-01-19,00:47:29,0,47
1484786849,3f1d7407-83b5-4fec-8379-6f829b9cf56d,true,Europe/London,2017-01-19 00:47:29,2017-01-19 00:47:29,2017-01-19,00:47:29,0,47
1484786969,3f1d7407-83b5-4fec-8379-6f829b9cf56d,true,Europe/London,2017-01-19 00:49:29,2017-01-19 00:49:29,2017-01-19,00:49:29,0,49
1484786969,3f1d7407-83b5-4fec-8379-6f829b9cf56d,true,Europe/London,2017-01-19 00:49:29,2017-01-19 00:49:29,2017-01-19,00:49:29,0,49
1484787634,3f1d7407-83b5-4fec-8379-6f829b9cf56d,false,Europe/London,2017-01-19 01:00:34,2017-01-19 01:00:34,2017-01-19,01:00:34,1,0
1484787634,3f1d7407-83b5-4fec-8379-6f829b9cf56d,false,Europe/London,2017-01-19 01:00:34,2017-01-19 01:00:34,2017-01-19,01:00:34,1,0
1484802486,3f1d7407-83b5-4fec-8379-6f829b9cf56d,false,Europe/London,2017-01-19 05:08:06,2017-01-19 05:08:06,2017-01-19,05:08:06,5,8
1484802486,3f1d7407-83b5-4fec-8379-6f829b9cf56d,false,Europe/London,2017-01-19 05:08:06,2017-01-19 05:08:06,2017-01-19,05:08:06,5,8
1484809451,3f1d7407-83b5-4fec-8379-6f829b9cf56d,false,Europe/London,2017-01-19 07:04:11,2017-01-19 07:04:11,2017-01-19,07:04:11,7,4
1484809451,3f1d7407-83b5-4fec-8379-6f829b9cf56d,false,Europe/London,2017-01-19 07:04:11,2017-01-19 07:04:11,2017-01-19,07:04:11,7,4
1484814033,3f1d7407-83b5-4fec-8379-6f829b9cf56d,false,Europe/London,2017-01-19 08:20:33,2017-01-19 08:20:33,2017-01-19,08:20:33,8,20
1484814033,3f1d7407-83b5-4fec-8379-6f829b9cf56d,false,Europe/London,2017-01-19 08:20:33,2017-01-19 08:20:33,2017-01-19,08:20:33,8,20
1484814994,3f1d7407-83b5-4fec-8379-6f829b9cf56d,false,Europe/London,2017-01-19 08:36:34,2017-01-19 08:36:34,2017-01-19,08:36:34,8,36
1484814994,3f1d7407-83b5-4fec-8379-6f829b9cf56d,false,Europe/London,2017-01-19 08:36:34,2017-01-19 08:36:34,2017-01-19,08:36:34,8,36
1484816142,3f1d7407-83b5-4fec-8379-6f829b9cf56d,false,Europe/London,2017-01-19 08:55:42,2017-01-19 08:55:42,2017-01-19,08:55:42,8,55
1484816142,3f1d7407-83b5-4fec-8379-6f829b9cf56d,false,Europe/London,2017-01-19 08:55:42,2017-01-19 08:55:42,2017-01-19,08:55:42,8,55
1484874392,3f1d7407-83b5-4fec-8379-6f829b9cf56d,true,Europe/London,2017-01-20 01:06:32,2017-01-20 01:06:32,2017-01-20,01:06:32,1,6
1484874392,3f1d7407-83b5-4fec-8379-6f829b9cf56d,true,Europe/London,2017-01-20 01:06:32,2017-01-20 01:06:32,2017-01-20,01:06:32,1,6
1484881459,3f1d7407-83b5-4fec-8379-6f829b9cf56d,true,Europe/London,2017-01-20 03:04:19,2017-01-20 03:04:19,2017-01-20,03:04:19,3,4
1484881459,3f1d7407-83b5-4fec-8379-6f829b9cf56d,true,Europe/London,2017-01-20 03:04:19,2017-01-20 03:04:19,2017-01-20,03:04:19,3,4
1484940310,3f1d7407-83b5-4fec-8379-6f829b9cf56d,true,Europe/London,2017-01-20 19:25:10,2017-01-20 19:25:10,2017-01-20,19:25:10,19,25
1484940310,3f1d7407-83b5-4fec-8379-6f829b9cf56d,true,Europe/London,2017-01-20 19:25:10,2017-01-20 19:25:10,2017-01-20,19:25:10,19,25
1484940325,3f1d7407-83b5-4fec-8379-6f829b9cf56d,true,Europe/London,2017-01-20 19:25:25,2017-01-20 19:25:25,2017-01-20,19:25:25,19,25
1484940325,3f1d7407-83b5-4fec-8379-6f829b9cf56d,true,Europe/London,2017-01-20 19:25:25,2017-01-20 19:25:25,2017-01-20,19:25:25,19,25
1484940345,3f1d7407-83b5-4fec-8379-6f829b9cf56d,true,Europe/London,2017-01-20 19:25:45,2017-01-20 19:25:45,2017-01-20,19:25:45,19,25
1484940345,3f1d7407-83b5-4fec-8379-6f829b9cf56d,true,Europe/London,2017-01-20 19:25:45,2017-01-20 19:25:45,2017-01-20,19:25:45,19,25
1484940365,3f1d7407-83b5-4fec-8379-6f829b9cf56d,true,Europe/London,2017-01-20 19:26:05,2017-01-20 19:26:05,2017-01-20,19:26:05,19,26
1484940365,3f1d7407-83b5-4fec-8379-6f829b9cf56d,true,Europe/London,2017-01-20 19:26:05,2017-01-20 19:26:05,2017-01-20,19:26:05,19,26
1484956622,3f1d7407-83b5-4fec-8379-6f829b9cf56d,true,Europe/London,2017-01-20 23:57:02,2017-01-20 23:57:02,2017-01-20,23:57:02,23,57
1484956622,3f1d7407-83b5-4fec-8379-6f829b9cf56d,true,Europe/London,2017-01-20 23:57:02,2017-01-20 23:57:02,2017-01-20,23:57:02,23,57
1484956656,3f1d7407-83b5-4fec-8379-6f829b9cf56d,false,Europe/London,2017-01-20 23:57:36,2017-01-20 23:57:36,2017-01-20,23:57:36,23,57
1484956656,3f1d7407-83b5-4fec-8379-6f829b9cf56d,false,Europe/London,2017-01-20 23:57:36,2017-01-20 23:57:36,2017-01-20,23:57:36,23,57
1484956716,3f1d7407-83b5-4fec-8379-6f829b9cf56d,false,Europe/London,2017-01-20 23:58:36,2017-01-20 23:58:36,2017-01-20,23:58:36,23,58
1484956716,3f1d7407-83b5-4fec-8379-6f829b9cf56d,false,Europe/London,2017-01-20 23:58:36,2017-01-20 23:58:36,2017-01-20,23:58:36,23,58
1484956816,3f1d7407-83b5-4fec-8379-6f829b9cf56d,false,Europe/London,2017-01-21 00:00:16,2017-01-21 00:00:16,2017-01-21,00:00:16,0,0
1484956816,3f1d7407-83b5-4fec-8379-6f829b9cf56d,false,Europe/London,2017-01-21 00:00:16,2017-01-21 00:00:16,2017-01-21,00:00:16,0,0
1484956896,3f1d7407-83b5-4fec-8379-6f829b9cf56d,false,Europe/London,2017-01-21 00:01:36,2017-01-21 00:01:36,2017-01-21,00:01:36,0,1
1484956896,3f1d7407-83b5-4fec-8379-6f829b9cf56d,false,Europe/London,2017-01-21 00:01:36,2017-01-21 00:01:36,2017-01-21,00:01:36,0,1
1484956976,3f1d7407-83b5-4fec-8379-6f829b9cf56d,false,Europe/London,2017-01-21 00:02:56,2017-01-21 00:02:56,2017-01-21,00:02:56,0,2
1484956976,3f1d7407-83b5-4fec-8379-6f829b9cf56d,false,Europe/London,2017-01-21 00:02:56,2017-01-21 00:02:56,2017-01-21,00:02:56,0,2
1484957076,3f1d7407-83b5-4fec-8379-6f829b9cf56d,false,Europe/London,2017-01-21 00:04:36,2017-01-21 00:04:36,2017-01-21,00:04:36,0,4
1484957076,3f1d7407-83b5-4fec-8379-6f829b9cf56d,false,Europe/London,2017-01-21 00:04:36,2017-01-21 00:04:36,2017-01-21,00:04:36,0,4
1484957156,3f1d7407-83b5-4fec-8379-6f829b9cf56d,false,Europe/London,2017-01-21 00:05:56,2017-01-21 00:05:56,2017-01-21,00:05:56,0,5
1484957156,3f1d7407-83b5-4fec-8379-6f829b9cf56d,false,Europe/London,2017-01-21 00:05:56,2017-01-21 00:05:56,2017-01-21,00:05:56,0,5
1484957236,3f1d7407-83b5-4fec-8379-6f829b9cf56d,false,Europe/London,2017-01-21 00:07:16,2017-01-21 00:07:16,2017-01-21,00:07:16,0,7
1484957236,3f1d7407-83b5-4fec-8379-6f829b9cf56d,false,Europe/London,2017-01-21 00:07:16,2017-01-21 00:07:16,2017-01-21,00:07:16,0,7
1484957336,3f1d7407-83b5-4fec-8379-6f829b9cf56d,false,Europe/London,2017-01-21 00:08:56,2017-01-21 00:08:56,2017-01-21,00:08:56,0,8
1484957336,3f1d7407-83b5-4fec-8379-6f829b9cf56d,false,Europe/London,2017-01-21 00:08:56,2017-01-21 00:08:56,2017-01-21,00:08:56,0,8
1484957416,3f1d7407-83b5-4fec-8379-6f829b9cf56d,false,Europe/London,2017-01-21 00:10:16,2017-01-21 00:10:16,2017-01-21,00:10:16,0,10
1484957416,3f1d7407-83b5-4fec-8379-6f829b9cf56d,false,Europe/London,2017-01-21 00:10:16,2017-01-21 00:10:16,2017-01-21,00:10:16,0,10
1484957516,3f1d7407-83b5-4fec-8379-6f829b9cf56d,false,Europe/London,2017-01-21 00:11:56,2017-01-21 00:11:56,2017-01-21,00:11:56,0,11
1484957516,3f1d7407-83b5-4fec-8379-6f829b9cf56d,false,Europe/London,2017-01-21 00:11:56,2017-01-21 00:11:56,2017-01-21,00:11:56,0,11
1484957596,3f1d7407-83b5-4fec-8379-6f829b9cf56d,false,Europe/London,2017-01-21 00:13:16,2017-01-21 00:13:16,2017-01-21,00:13:16,0,13
1484957596,3f1d7407-83b5-4fec-8379-6f829b9cf56d,false,Europe/London,2017-01-21 00:13:16,2017-01-21 00:13:16,2017-01-21,00:13:16,0,13
1484957676,3f1d7407-83b5-4fec-8379-6f829b9cf56d,false,Europe/London,2017-01-21 00:14:36,2017-01-21 00:14:36,2017-01-21,00:14:36,0,14
1484957676,3f1d7407-83b5-4fec-8379-6f829b9cf56d,false,Europe/London,2017-01-21 00:14:36,2017-01-21 00:14:36,2017-01-21,00:14:36,0,14
1484957756,3f1d7407-83b5-4fec-8379-6f829b9cf56d,false,Europe/London,2017-01-21 00:15:56,2017-01-21 00:15:56,2017-01-21,00:15:56,0,15
1484957756,3f1d7407-83b5-4fec-8379-6f829b9cf56d,false,Europe/London,2017-01-21 00:15:56,2017-01-21 00:15:56,2017-01-21,00:15:56,0,15
1484957856,3f1d7407-83b5-4fec-8379-6f829b9cf56d,false,Europe/London,2017-01-21 00:17:36,2017-01-21 00:17:36,2017-01-21,00:17:36,0,17
1484957856,3f1d7407-83b5-4fec-8379-6f829b9cf56d,false,Europe/London,2017-01-21 00:17:36,2017-01-21 00:17:36,2017-01-21,00:17:36,0,17
1484957936,3f1d7407-83b5-4fec-8379-6f829b9cf56d,false,Europe/London,2017-01-21 00:18:56,2017-01-21 00:18:56,2017-01-21,00:18:56,0,18
1484957936,3f1d7407-83b5-4fec-8379-6f829b9cf56d,false,Europe/London,2017-01-21 00:18:56,2017-01-21 00:18:56,2017-01-21,00:18:56,0,18
1484958016,3f1d7407-83b5-4fec-8379-6f829b9cf56d,false,Europe/London,2017-01-21 00:20:16,2017-01-21 00:20:16,2017-01-21,00:20:16,0,20
1484958016,3f1d7407-83b5-4fec-8379-6f829b9cf56d,false,Europe/London,2017-01-21 00:20:16,2017-01-21 00:20:16,2017-01-21,00:20:16,0,20
1484958116,3f1d7407-83b5-4fec-8379-6f829b9cf56d,false,Europe/London,2017-01-21 00:21:56,2017-01-21 00:21:56,2017-01-21,00:21:56,0,21
1484958116,3f1d7407-83b5-4fec-8379-6f829b9cf56d,false,Europe/London,2017-01-21 00:21:56,2017-01-21 00:21:56,2017-01-21,00:21:56,0,21
1484958196,3f1d7407-83b5-4fec-8379-6f829b9cf56d,false,Europe/London,2017-01-21 00:23:16,2017-01-21 00:23:16,2017-01-21,00:23:16,0,23
1484958196,3f1d7407-83b5-4fec-8379-6f829b9cf56d,false,Europe/London,2017-01-21 00:23:16,2017-01-21 00:23:16,2017-01-21,00:23:16,0,23
1484958276,3f1d7407-83b5-4fec-8379-6f829b9cf56d,false,Europe/London,2017-01-21 00:24:36,2017-01-21 00:24:36,2017-01-21,00:24:36,0,24
1484958276,3f1d7407-83b5-4fec-8379-6f829b9cf56d,false,Europe/London,2017-01-21 00:24:36,2017-01-21 00:24:36,2017-01-21,00:24:36,0,24
1484958376,3f1d7407-83b5-4fec-8379-6f829b9cf56d,false,Europe/London,2017-01-21 00:26:16,2017-01-21 00:26:16,2017-01-21,00:26:16,0,26
1484958376,3f1d7407-83b5-4fec-8379-6f829b9cf56d,false,Europe/London,2017-01-21 00:26:16,2017-01-21 00:26:16,2017-01-21,00:26:16,0,26
1484958456,3f1d7407-83b5-4fec-8379-6f829b9cf56d,false,Europe/London,2017-01-21 00:27:36,2017-01-21 00:27:36,2017-01-21,00:27:36,0,27
1484958456,3f1d7407-83b5-4fec-8379-6f829b9cf56d,false,Europe/London,2017-01-21 00:27:36,2017-01-21 00:27:36,2017-01-21,00:27:36,0,27
1484958536,3f1d7407-83b5-4fec-8379-6f829b9cf56d,false,Europe/London,2017-01-21 00:28:56,2017-01-21 00:28:56,2017-01-21,00:28:56,0,28
1484958536,3f1d7407-83b5-4fec-8379-6f829b9cf56d,false,Europe/London,2017-01-21 00:28:56,2017-01-21 00:28:56,2017-01-21,00:28:56,0,28
1484958636,3f1d7407-83b5-4fec-8379-6f829b9cf56d,false,Europe/London,2017-01-21 00:30:36,2017-01-21 00:30:36,2017-01-21,00:30:36,0,30
1484958636,3f1d7407-83b5-4fec-8379-6f829b9cf56d,false,Europe/London,2017-01-21 00:30:36,2017-01-21 00:30:36,2017-01-21,00:30:36,0,30
1484958716,3f1d7407-83b5-4fec-8379-6f829b9cf56d,false,Europe/London,2017-01-21 00:31:56,2017-01-21 00:31:56,2017-01-21,00:31:56,0,31
1484958716,3f1d7407-83b5-4fec-8379-6f829b9cf56d,false,Europe/London,2017-01-21 00:31:56,2017-01-21 00:31:56,2017-01-21,00:31:56,0,31
1484958796,3f1d7407-83b5-4fec-8379-6f829b9cf56d,false,Europe/London,2017-01-21 00:33:16,2017-01-21 00:33:16,2017-01-21,00:33:16,0,33
1484958796,3f1d7407-83b5-4fec-8379-6f829b9cf56d,false,Europe/London,2017-01-21 00:33:16,2017-01-21 00:33:16,2017-01-21,00:33:16,0,33
1484958896,3f1d7407-83b5-4fec-8379-6f829b9cf56d,false,Europe/London,2017-01-21 00:34:56,2017-01-21 00:34:56,2017-01-21,00:34:56,0,34
1484958896,3f1d7407-83b5-4fec-8379-6f829b9cf56d,false,Europe/London,2017-01-21 00:34:56,2017-01-21 00:34:56,2017-01-21,00:34:56,0,34
1484958976,3f1d7407-83b5-4fec-8379-6f829b9cf56d,false,Europe/London,2017-01-21 00:36:16,2017-01-21 00:36:16,2017-01-21,00:36:16,0,36
1484958976,3f1d7407-83b5-4fec-8379-6f829b9cf56d,false,Europe/London,2017-01-21 00:36:16,2017-01-21 00:36:16,2017-01-21,00:36:16,0,36
1484959056,3f1d7407-83b5-4fec-8379-6f829b9cf56d,false,Europe/London,2017-01-21 00:37:36,2017-01-21 00:37:36,2017-01-21,00:37:36,0,37
1484959056,3f1d7407-83b5-4fec-8379-6f829b9cf56d,false,Europe/London,2017-01-21 00:37:36,2017-01-21 00:37:36,2017-01-21,00:37:36,0,37
1484959156,3f1d7407-83b5-4fec-8379-6f829b9cf56d,false,Europe/London,2017-01-21 00:39:16,2017-01-21 00:39:16,2017-01-21,00:39:16,0,39
1484959156,3f1d7407-83b5-4fec-8379-6f829b9cf56d,false,Europe/London,2017-01-21 00:39:16,2017-01-21 00:39:16,2017-01-21,00:39:16,0,39
1484959236,3f1d7407-83b5-4fec-8379-6f829b9cf56d,false,Europe/London,2017-01-21 00:40:36,2017-01-21 00:40:36,2017-01-21,00:40:36,0,40
1484959236,3f1d7407-83b5-4fec-8379-6f829b9cf56d,false,Europe/London,2017-01-21 00:40:36,2017-01-21 00:40:36,2017-01-21,00:40:36,0,40
1485046641,3f1d7407-83b5-4fec-8379-6f829b9cf56d,true,Europe/London,2017-01-22 00:57:21,2017-01-22 00:57:21,2017-01-22,00:57:21,0,57
1485046641,3f1d7407-83b5-4fec-8379-6f829b9cf56d,true,Europe/London,2017-01-22 00:57:21,2017-01-22 00:57:21,2017-01-22,00:57:21,0,57
1485046680,3f1d7407-83b5-4fec-8379-6f829b9cf56d,false,Europe/London,2017-01-22 00:58:00,2017-01-22 00:58:00,2017-01-22,00:58:00,0,58
1485046680,3f1d7407-83b5-4fec-8379-6f829b9cf56d,false,Europe/London,2017-01-22 00:58:00,2017-01-22 00:58:00,2017-01-22,00:58:00,0,58
1485131478,3f1d7407-83b5-4fec-8379-6f829b9cf56d,true,Europe/London,2017-01-23 00:31:18,2017-01-23 00:31:18,2017-01-23,00:31:18,0,31
1485131478,3f1d7407-83b5-4fec-8379-6f829b9cf56d,true,Europe/London,2017-01-23 00:31:18,2017-01-23 00:31:18,2017-01-23,00:31:18,0,31
1485217093,3f1d7407-83b5-4fec-8379-6f829b9cf56d,true,Europe/London,2017-01-24 00:18:13,2017-01-24 00:18:13,2017-01-24,00:18:13,0,18
1485217168,3f1d7407-83b5-4fec-8379-6f829b9cf56d,false,Europe/London,2017-01-24 00:19:28,2017-01-24 00:19:28,2017-01-24,00:19:28,0,19
1485289934,3f1d7407-83b5-4fec-8379-6f829b9cf56d,false,Europe/London,2017-01-24 20:32:14,2017-01-24 20:32:14,2017-01-24,20:32:14,20,32
1485290012,3f1d7407-83b5-4fec-8379-6f829b9cf56d,false,Europe/London,2017-01-24 20:33:32,2017-01-24 20:33:32,2017-01-24,20:33:32,20,33
1485290990,3f1d7407-83b5-4fec-8379-6f829b9cf56d,false,Europe/London,2017-01-24 20:49:50,2017-01-24 20:49:50,2017-01-24,20:49:50,20,49
1485293299,3f1d7407-83b5-4fec-8379-6f829b9cf56d,false,Europe/London,2017-01-24 21:28:19,2017-01-24 21:28:19,2017-01-24,21:28:19,21,28
1485293853,3f1d7407-83b5-4fec-8379-6f829b9cf56d,false,Europe/London,2017-01-24 21:37:33,2017-01-24 21:37:33,2017-01-24,21:37:33,21,37
1485294755,3f1d7407-83b5-4fec-8379-6f829b9cf56d,false,Europe/London,2017-01-24 21:52:35,2017-01-24 21:52:35,2017-01-24,21:52:35,21,52
1485296418,3f1d7407-83b5-4fec-8379-6f829b9cf56d,false,Europe/London,2017-01-24 22:20:18,2017-01-24 22:20:18,2017-01-24,22:20:18,22,20
1485297614,3f1d7407-83b5-4fec-8379-6f829b9cf56d,false,Europe/London,2017-01-24 22:40:14,2017-01-24 22:40:14,2017-01-24,22:40:14,22,40
1485298996,3f1d7407-83b5-4fec-8379-6f829b9cf56d,false,Europe/London,2017-01-24 23:03:16,2017-01-24 23:03:16,2017-01-24,23:03:16,23,3
1485299965,3f1d7407-83b5-4fec-8379-6f829b9cf56d,false,Europe/London,2017-01-24 23:19:25,2017-01-24 23:19:25,2017-01-24,23:19:25,23,19
1485301643,3f1d7407-83b5-4fec-8379-6f829b9cf56d,false,Europe/London,2017-01-24 23:47:23,2017-01-24 23:47:23,2017-01-24,23:47:23,23,47
1485302869,3f1d7407-83b5-4fec-8379-6f829b9cf56d,false,Europe/London,2017-01-25 00:07:49,2017-01-25 00:07:49,2017-01-25,00:07:49,0,7
1485304435,3f1d7407-83b5-4fec-8379-6f829b9cf56d,false,Europe/London,2017-01-25 00:33:55,2017-01-25 00:33:55,2017-01-25,00:33:55,0,33
1485306701,3f1d7407-83b5-4fec-8379-6f829b9cf56d,false,Europe/London,2017-01-25 01:11:41,2017-01-25 01:11:41,2017-01-25,01:11:41,1,11
1485306790,3f1d7407-83b5-4fec-8379-6f829b9cf56d,false,Europe/London,2017-01-25 01:13:10,2017-01-25 01:13:10,2017-01-25,01:13:10,1,13
1485308236,3f1d7407-83b5-4fec-8379-6f829b9cf56d,false,Europe/London,2017-01-25 01:37:16,2017-01-25 01:37:16,2017-01-25,01:37:16,1,37
1485309708,3f1d7407-83b5-4fec-8379-6f829b9cf56d,false,Europe/London,2017-01-25 02:01:48,2017-01-25 02:01:48,2017-01-25,02:01:48,2,1
1485311168,3f1d7407-83b5-4fec-8379-6f829b9cf56d,false,Europe/London,2017-01-25 02:26:08,2017-01-25 02:26:08,2017-01-25,02:26:08,2,26
1485312771,3f1d7407-83b5-4fec-8379-6f829b9cf56d,false,Europe/London,2017-01-25 02:52:51,2017-01-25 02:52:51,2017-01-25,02:52:51,2,52
1485313647,3f1d7407-83b5-4fec-8379-6f829b9cf56d,false,Europe/London,2017-01-25 03:07:27,2017-01-25 03:07:27,2017-01-25,03:07:27,3,7
1485314263,3f1d7407-83b5-4fec-8379-6f829b9cf56d,false,Europe/London,2017-01-25 03:17:43,2017-01-25 03:17:43,2017-01-25,03:17:43,3,17
1485315821,3f1d7407-83b5-4fec-8379-6f829b9cf56d,false,Europe/London,2017-01-25 03:43:41,2017-01-25 03:43:41,2017-01-25,03:43:41,3,43
1485316753,3f1d7407-83b5-4fec-8379-6f829b9cf56d,true,Europe/London,2017-01-25 03:59:13,2017-01-25 03:59:13,2017-01-25,03:59:13,3,59
1485317062,3f1d7407-83b5-4fec-8379-6f829b9cf56d,false,Europe/London,2017-01-25 04:04:22,2017-01-25 04:04:22,2017-01-25,04:04:22,4,4
1485319049,3f1d7407-83b5-4fec-8379-6f829b9cf56d,false,Europe/London,2017-01-25 04:37:29,2017-01-25 04:37:29,2017-01-25,04:37:29,4,37
1485320549,3f1d7407-83b5-4fec-8379-6f829b9cf56d,false,Europe/London,2017-01-25 05:02:29,2017-01-25 05:02:29,2017-01-25,05:02:29,5,2
1485321874,3f1d7407-83b5-4fec-8379-6f829b9cf56d,false,Europe/London,2017-01-25 05:24:34,2017-01-25 05:24:34,2017-01-25,05:24:34,5,24
1485323133,3f1d7407-83b5-4fec-8379-6f829b9cf56d,false,Europe/London,2017-01-25 05:45:33,2017-01-25 05:45:33,2017-01-25,05:45:33,5,45
1485324642,3f1d7407-83b5-4fec-8379-6f829b9cf56d,false,Europe/London,2017-01-25 06:10:42,2017-01-25 06:10:42,2017-01-25,06:10:42,6,10
1485326188,3f1d7407-83b5-4fec-8379-6f829b9cf56d,false,Europe/London,2017-01-25 06:36:28,2017-01-25 06:36:28,2017-01-25,06:36:28,6,36
1485327341,3f1d7407-83b5-4fec-8379-6f829b9cf56d,false,Europe/London,2017-01-25 06:55:41,2017-01-25 06:55:41,2017-01-25,06:55:41,6,55
1485328140,3f1d7407-83b5-4fec-8379-6f829b9cf56d,false,Europe/London,2017-01-25 07:09:00,2017-01-25 07:09:00,2017-01-25,07:09:00,7,9
1485328599,3f1d7407-83b5-4fec-8379-6f829b9cf56d,false,Europe/London,2017-01-25 07:16:39,2017-01-25 07:16:39,2017-01-25,07:16:39,7,16
1485329363,3f1d7407-83b5-4fec-8379-6f829b9cf56d,false,Europe/London,2017-01-25 07:29:23,2017-01-25 07:29:23,2017-01-25,07:29:23,7,29
1485330227,3f1d7407-83b5-4fec-8379-6f829b9cf56d,false,Europe/London,2017-01-25 07:43:47,2017-01-25 07:43:47,2017-01-25,07:43:47,7,43
1485331721,3f1d7407-83b5-4fec-8379-6f829b9cf56d,false,Europe/London,2017-01-25 08:08:41,2017-01-25 08:08:41,2017-01-25,08:08:41,8,8
1485385860,3f1d7407-83b5-4fec-8379-6f829b9cf56d,true,Europe/London,2017-01-25 23:11:00,2017-01-25 23:11:00,2017-01-25,23:11:00,23,11
1485476657,3f1d7407-83b5-4fec-8379-6f829b9cf56d,true,Europe/London,2017-01-27 00:24:17,2017-01-27 00:24:17,2017-01-27,00:24:17,0,24
1485476677,3f1d7407-83b5-4fec-8379-6f829b9cf56d,false,Europe/London,2017-01-27 00:24:37,2017-01-27 00:24:37,2017-01-27,00:24:37,0,24
1485476697,3f1d7407-83b5-4fec-8379-6f829b9cf56d,false,Europe/London,2017-01-27 00:24:57,2017-01-27 00:24:57,2017-01-27,00:24:57,0,24
1485502257,3f1d7407-83b5-4fec-8379-6f829b9cf56d,false,Europe/London,2017-01-27 07:30:57,2017-01-27 07:30:57,2017-01-27,07:30:57,7,30
1485503837,3f1d7407-83b5-4fec-8379-6f829b9cf56d,false,Europe/London,2017-01-27 07:57:17,2017-01-27 07:57:17,2017-01-27,07:57:17,7,57
1485504673,3f1d7407-83b5-4fec-8379-6f829b9cf56d,false,Europe/London,2017-01-27 08:11:13,2017-01-27 08:11:13,2017-01-27,08:11:13,8,11
1485505102,3f1d7407-83b5-4fec-8379-6f829b9cf56d,false,Europe/London,2017-01-27 08:18:22,2017-01-27 08:18:22,2017-01-27,08:18:22,8,18
1485505516,3f1d7407-83b5-4fec-8379-6f829b9cf56d,false,Europe/London,2017-01-27 08:25:16,2017-01-27 08:25:16,2017-01-27,08:25:16,8,25
1485564563,3f1d7407-83b5-4fec-8379-6f829b9cf56d,true,Europe/London,2017-01-28 00:49:23,2017-01-28 00:49:23,2017-01-28,00:49:23,0,49
1485564583,3f1d7407-83b5-4fec-8379-6f829b9cf56d,false,Europe/London,2017-01-28 00:49:43,2017-01-28 00:49:43,2017-01-28,00:49:43,0,49
1485564596,3f1d7407-83b5-4fec-8379-6f829b9cf56d,false,Europe/London,2017-01-28 00:49:56,2017-01-28 00:49:56,2017-01-28,00:49:56,0,49
1485568640,3f1d7407-83b5-4fec-8379-6f829b9cf56d,true,Europe/London,2017-01-28 01:57:20,2017-01-28 01:57:20,2017-01-28,01:57:20,1,57
1485573421,3f1d7407-83b5-4fec-8379-6f829b9cf56d,false,Europe/London,2017-01-28 03:17:01,2017-01-28 03:17:01,2017-01-28,03:17:01,3,17
1485574403,3f1d7407-83b5-4fec-8379-6f829b9cf56d,false,Europe/London,2017-01-28 03:33:23,2017-01-28 03:33:23,2017-01-28,03:33:23,3,33
1485575197,3f1d7407-83b5-4fec-8379-6f829b9cf56d,false,Europe/London,2017-01-28 03:46:37,2017-01-28 03:46:37,2017-01-28,03:46:37,3,46
1485594925,3f1d7407-83b5-4fec-8379-6f829b9cf56d,false,Europe/London,2017-01-28 09:15:25,2017-01-28 09:15:25,2017-01-28,09:15:25,9,15
1485595926,3f1d7407-83b5-4fec-8379-6f829b9cf56d,false,Europe/London,2017-01-28 09:32:06,2017-01-28 09:32:06,2017-01-28,09:32:06,9,32
1485598084,3f1d7407-83b5-4fec-8379-6f829b9cf56d,false,Europe/London,2017-01-28 10:08:04,2017-01-28 10:08:04,2017-01-28,10:08:04,10,8
1485602008,3f1d7407-83b5-4fec-8379-6f829b9cf56d,false,Europe/London,2017-01-28 11:13:28,2017-01-28 11:13:28,2017-01-28,11:13:28,11,13
1485602628,3f1d7407-83b5-4fec-8379-6f829b9cf56d,false,Europe/London,2017-01-28 11:23:48,2017-01-28 11:23:48,2017-01-28,11:23:48,11,23
1485603171,3f1d7407-83b5-4fec-8379-6f829b9cf56d,false,Europe/London,2017-01-28 11:32:51,2017-01-28 11:32:51,2017-01-28,11:32:51,11,32
1485603272,3f1d7407-83b5-4fec-8379-6f829b9cf56d,false,Europe/London,2017-01-28 11:34:32,2017-01-28 11:34:32,2017-01-28,11:34:32,11,34
1485606724,3f1d7407-83b5-4fec-8379-6f829b9cf56d,false,Europe/London,2017-01-28 12:32:04,2017-01-28 12:32:04,2017-01-28,12:32:04,12,32
1485609836,3f1d7407-83b5-4fec-8379-6f829b9cf56d,false,Europe/London,2017-01-28 13:23:56,2017-01-28 13:23:56,2017-01-28,13:23:56,13,23
1485610729,3f1d7407-83b5-4fec-8379-6f829b9cf56d,false,Europe/London,2017-01-28 13:38:49,2017-01-28 13:38:49,2017-01-28,13:38:49,13,38
1485612692,3f1d7407-83b5-4fec-8379-6f829b9cf56d,false,Europe/London,2017-01-28 14:11:32,2017-01-28 14:11:32,2017-01-28,14:11:32,14,11
1485613405,3f1d7407-83b5-4fec-8379-6f829b9cf56d,false,Europe/London,2017-01-28 14:23:25,2017-01-28 14:23:25,2017-01-28,14:23:25,14,23
1485614193,3f1d7407-83b5-4fec-8379-6f829b9cf56d,false,Europe/London,2017-01-28 14:36:33,2017-01-28 14:36:33,2017-01-28,14:36:33,14,36
1485614998,3f1d7407-83b5-4fec-8379-6f829b9cf56d,false,Europe/London,2017-01-28 14:49:58,2017-01-28 14:49:58,2017-01-28,14:49:58,14,49
1485615559,3f1d7407-83b5-4fec-8379-6f829b9cf56d,false,Europe/London,2017-01-28 14:59:19,2017-01-28 14:59:19,2017-01-28,14:59:19,14,59
1485616246,3f1d7407-83b5-4fec-8379-6f829b9cf56d,false,Europe/London,2017-01-28 15:10:46,2017-01-28 15:10:46,2017-01-28,15:10:46,15,10
1485617415,3f1d7407-83b5-4fec-8379-6f829b9cf56d,false,Europe/London,2017-01-28 15:30:15,2017-01-28 15:30:15,2017-01-28,15:30:15,15,30
1485618141,3f1d7407-83b5-4fec-8379-6f829b9cf56d,false,Europe/London,2017-01-28 15:42:21,2017-01-28 15:42:21,2017-01-28,15:42:21,15,42
1485619878,3f1d7407-83b5-4fec-8379-6f829b9cf56d,false,Europe/London,2017-01-28 16:11:18,2017-01-28 16:11:18,2017-01-28,16:11:18,16,11
1485620670,3f1d7407-83b5-4fec-8379-6f829b9cf56d,false,Europe/London,2017-01-28 16:24:30,2017-01-28 16:24:30,2017-01-28,16:24:30,16,24
1485624477,3f1d7407-83b5-4fec-8379-6f829b9cf56d,true,Europe/London,2017-01-28 17:27:57,2017-01-28 17:27:57,2017-01-28,17:27:57,17,27
1485890412,3f1d7407-83b5-4fec-8379-6f829b9cf56d,false,Europe/London,2017-01-31 19:20:12,2017-01-31 19:20:12,2017-01-31,19:20:12,19,20
1485890752,3f1d7407-83b5-4fec-8379-6f829b9cf56d,false,Europe/London,2017-01-31 19:25:52,2017-01-31 19:25:52,2017-01-31,19:25:52,19,25
1485891451,3f1d7407-83b5-4fec-8379-6f829b9cf56d,false,Europe/London,2017-01-31 19:37:31,2017-01-31 19:37:31,2017-01-31,19:37:31,19,37
1485892380,3f1d7407-83b5-4fec-8379-6f829b9cf56d,false,Europe/London,2017-01-31 19:53:00,2017-01-31 19:53:00,2017-01-31,19:53:00,19,53
1485894232,3f1d7407-83b5-4fec-8379-6f829b9cf56d,false,Europe/London,2017-01-31 20:23:52,2017-01-31 20:23:52,2017-01-31,20:23:52,20,23
1485895892,3f1d7407-83b5-4fec-8379-6f829b9cf56d,false,Europe/London,2017-01-31 20:51:32,2017-01-31 20:51:32,2017-01-31,20:51:32,20,51
1485896746,3f1d7407-83b5-4fec-8379-6f829b9cf56d,false,Europe/London,2017-01-31 21:05:46,2017-01-31 21:05:46,2017-01-31,21:05:46,21,5
1485897975,3f1d7407-83b5-4fec-8379-6f829b9cf56d,false,Europe/London,2017-01-31 21:26:15,2017-01-31 21:26:15,2017-01-31,21:26:15,21,26
1485899340,3f1d7407-83b5-4fec-8379-6f829b9cf56d,false,Europe/London,2017-01-31 21:49:00,2017-01-31 21:49:00,2017-01-31,21:49:00,21,49
1485900891,3f1d7407-83b5-4fec-8379-6f829b9cf56d,false,Europe/London,2017-01-31 22:14:51,2017-01-31 22:14:51,2017-01-31,22:14:51,22,14
1485909322,3f1d7407-83b5-4fec-8379-6f829b9cf56d,true,Europe/London,2017-02-01 00:35:22,2017-02-01 00:35:22,2017-02-01,00:35:22,0,35
1485909351,3f1d7407-83b5-4fec-8379-6f829b9cf56d,true,Europe/London,2017-02-01 00:35:51,2017-02-01 00:35:51,2017-02-01,00:35:51,0,35
1485909380,3f1d7407-83b5-4fec-8379-6f829b9cf56d,false,Europe/London,2017-02-01 00:36:20,2017-02-01 00:36:20,2017-02-01,00:36:20,0,36
1485995375,3f1d7407-83b5-4fec-8379-6f829b9cf56d,false,Europe/London,2017-02-02 00:29:35,2017-02-02 00:29:35,2017-02-02,00:29:35,0,29
1485995772,3f1d7407-83b5-4fec-8379-6f829b9cf56d,true,Europe/London,2017-02-02 00:36:12,2017-02-02 00:36:12,2017-02-02,00:36:12,0,36
1485995794,3f1d7407-83b5-4fec-8379-6f829b9cf56d,false,Europe/London,2017-02-02 00:36:34,2017-02-02 00:36:34,2017-02-02,00:36:34,0,36
1485995824,3f1d7407-83b5-4fec-8379-6f829b9cf56d,false,Europe/London,2017-02-02 00:37:04,2017-02-02 00:37:04,2017-02-02,00:37:04,0,37
1485995904,3f1d7407-83b5-4fec-8379-6f829b9cf56d,false,Europe/London,2017-02-02 00:38:24,2017-02-02 00:38:24,2017-02-02,00:38:24,0,38
1485996004,3f1d7407-83b5-4fec-8379-6f829b9cf56d,false,Europe/London,2017-02-02 00:40:04,2017-02-02 00:40:04,2017-02-02,00:40:04,0,40
1485996084,3f1d7407-83b5-4fec-8379-6f829b9cf56d,false,Europe/London,2017-02-02 00:41:24,2017-02-02 00:41:24,2017-02-02,00:41:24,0,41
1485996154,3f1d7407-83b5-4fec-8379-6f829b9cf56d,false,Europe/London,2017-02-02 00:42:34,2017-02-02 00:42:34,2017-02-02,00:42:34,0,42
1485996264,3f1d7407-83b5-4fec-8379-6f829b9cf56d,false,Europe/London,2017-02-02 00:44:24,2017-02-02 00:44:24,2017-02-02,00:44:24,0,44
1485996334,3f1d7407-83b5-4fec-8379-6f829b9cf56d,false,Europe/London,2017-02-02 00:45:34,2017-02-02 00:45:34,2017-02-02,00:45:34,0,45
1485996424,3f1d7407-83b5-4fec-8379-6f829b9cf56d,false,Europe/London,2017-02-02 00:47:04,2017-02-02 00:47:04,2017-02-02,00:47:04,0,47
1485996504,3f1d7407-83b5-4fec-8379-6f829b9cf56d,false,Europe/London,2017-02-02 00:48:24,2017-02-02 00:48:24,2017-02-02,00:48:24,0,48
1485996604,3f1d7407-83b5-4fec-8379-6f829b9cf56d,false,Europe/London,2017-02-02 00:50:04,2017-02-02 00:50:04,2017-02-02,00:50:04,0,50
1485996684,3f1d7407-83b5-4fec-8379-6f829b9cf56d,false,Europe/London,2017-02-02 00:51:24,2017-02-02 00:51:24,2017-02-02,00:51:24,0,51
1485996754,3f1d7407-83b5-4fec-8379-6f829b9cf56d,false,Europe/London,2017-02-02 00:52:34,2017-02-02 00:52:34,2017-02-02,00:52:34,0,52
1485996814,3f1d7407-83b5-4fec-8379-6f829b9cf56d,false,Europe/London,2017-02-02 00:53:34,2017-02-02 00:53:34,2017-02-02,00:53:34,0,53
1485996904,3f1d7407-83b5-4fec-8379-6f829b9cf56d,false,Europe/London,2017-02-02 00:55:04,2017-02-02 00:55:04,2017-02-02,00:55:04,0,55
1485996924,3f1d7407-83b5-4fec-8379-6f829b9cf56d,false,Europe/London,2017-02-02 00:55:24,2017-02-02 00:55:24,2017-02-02,00:55:24,0,55
1485996934,3f1d7407-83b5-4fec-8379-6f829b9cf56d,false,Europe/London,2017-02-02 00:55:34,2017-02-02 00:55:34,2017-02-02,00:55:34,0,55
1485996964,3f1d7407-83b5-4fec-8379-6f829b9cf56d,false,Europe/London,2017-02-02 00:56:04,2017-02-02 00:56:04,2017-02-02,00:56:04,0,56
1485996984,3f1d7407-83b5-4fec-8379-6f829b9cf56d,false,Europe/London,2017-02-02 00:56:24,2017-02-02 00:56:24,2017-02-02,00:56:24,0,56
1485997044,3f1d7407-83b5-4fec-8379-6f829b9cf56d,false,Europe/London,2017-02-02 00:57:24,2017-02-02 00:57:24,2017-02-02,00:57:24,0,57
1485997114,3f1d7407-83b5-4fec-8379-6f829b9cf56d,false,Europe/London,2017-02-02 00:58:34,2017-02-02 00:58:34,2017-02-02,00:58:34,0,58
1485997224,3f1d7407-83b5-4fec-8379-6f829b9cf56d,false,Europe/London,2017-02-02 01:00:24,2017-02-02 01:00:24,2017-02-02,01:00:24,1,0
1485997324,3f1d7407-83b5-4fec-8379-6f829b9cf56d,false,Europe/London,2017-02-02 01:02:04,2017-02-02 01:02:04,2017-02-02,01:02:04,1,2
1485997414,3f1d7407-83b5-4fec-8379-6f829b9cf56d,false,Europe/London,2017-02-02 01:03:34,2017-02-02 01:03:34,2017-02-02,01:03:34,1,3
1485997504,3f1d7407-83b5-4fec-8379-6f829b9cf56d,false,Europe/London,2017-02-02 01:05:04,2017-02-02 01:05:04,2017-02-02,01:05:04,1,5
1485997594,3f1d7407-83b5-4fec-8379-6f829b9cf56d,false,Europe/London,2017-02-02 01:06:34,2017-02-02 01:06:34,2017-02-02,01:06:34,1,6
1485997774,3f1d7407-83b5-4fec-8379-6f829b9cf56d,false,Europe/London,2017-02-02 01:09:34,2017-02-02 01:09:34,2017-02-02,01:09:34,1,9
1485997894,3f1d7407-83b5-4fec-8379-6f829b9cf56d,false,Europe/London,2017-02-02 01:11:34,2017-02-02 01:11:34,2017-02-02,01:11:34,1,11
1485998004,3f1d7407-83b5-4fec-8379-6f829b9cf56d,false,Europe/London,2017-02-02 01:13:24,2017-02-02 01:13:24,2017-02-02,01:13:24,1,13
1485998104,3f1d7407-83b5-4fec-8379-6f829b9cf56d,false,Europe/London,2017-02-02 01:15:04,2017-02-02 01:15:04,2017-02-02,01:15:04,1,15
1485998194,3f1d7407-83b5-4fec-8379-6f829b9cf56d,false,Europe/London,2017-02-02 01:16:34,2017-02-02 01:16:34,2017-02-02,01:16:34,1,16
1485998254,3f1d7407-83b5-4fec-8379-6f829b9cf56d,false,Europe/London,2017-02-02 01:17:34,2017-02-02 01:17:34,2017-02-02,01:17:34,1,17
1485998424,3f1d7407-83b5-4fec-8379-6f829b9cf56d,false,Europe/London,2017-02-02 01:20:24,2017-02-02 01:20:24,2017-02-02,01:20:24,1,20
1485998524,3f1d7407-83b5-4fec-8379-6f829b9cf56d,false,Europe/London,2017-02-02 01:22:04,2017-02-02 01:22:04,2017-02-02,01:22:04,1,22
1485998664,3f1d7407-83b5-4fec-8379-6f829b9cf56d,false,Europe/London,2017-02-02 01:24:24,2017-02-02 01:24:24,2017-02-02,01:24:24,1,24
1485998724,3f1d7407-83b5-4fec-8379-6f829b9cf56d,false,Europe/London,2017-02-02 01:25:24,2017-02-02 01:25:24,2017-02-02,01:25:24,1,25
1485998734,3f1d7407-83b5-4fec-8379-6f829b9cf56d,false,Europe/London,2017-02-02 01:25:34,2017-02-02 01:25:34,2017-02-02,01:25:34,1,25
1485998974,3f1d7407-83b5-4fec-8379-6f829b9cf56d,false,Europe/London,2017-02-02 01:29:34,2017-02-02 01:29:34,2017-02-02,01:29:34,1,29
1485999154,3f1d7407-83b5-4fec-8379-6f829b9cf56d,false,Europe/London,2017-02-02 01:32:34,2017-02-02 01:32:34,2017-02-02,01:32:34,1,32
1485999364,3f1d7407-83b5-4fec-8379-6f829b9cf56d,false,Europe/London,2017-02-02 01:36:04,2017-02-02 01:36:04,2017-02-02,01:36:04,1,36
1485999444,3f1d7407-83b5-4fec-8379-6f829b9cf56d,false,Europe/London,2017-02-02 01:37:24,2017-02-02 01:37:24,2017-02-02,01:37:24,1,37
1485999484,3f1d7407-83b5-4fec-8379-6f829b9cf56d,false,Europe/London,2017-02-02 01:38:04,2017-02-02 01:38:04,2017-02-02,01:38:04,1,38
1485999924,3f1d7407-83b5-4fec-8379-6f829b9cf56d,false,Europe/London,2017-02-02 01:45:24,2017-02-02 01:45:24,2017-02-02,01:45:24,1,45
1486000084,3f1d7407-83b5-4fec-8379-6f829b9cf56d,false,Europe/London,2017-02-02 01:48:04,2017-02-02 01:48:04,2017-02-02,01:48:04,1,48
1486000654,3f1d7407-83b5-4fec-8379-6f829b9cf56d,false,Europe/London,2017-02-02 01:57:34,2017-02-02 01:57:34,2017-02-02,01:57:34,1,57
1486001104,3f1d7407-83b5-4fec-8379-6f829b9cf56d,false,Europe/London,2017-02-02 02:05:04,2017-02-02 02:05:04,2017-02-02,02:05:04,2,5
1486001123,3f1d7407-83b5-4fec-8379-6f829b9cf56d,false,Europe/London,2017-02-02 02:05:23,2017-02-02 02:05:23,2017-02-02,02:05:23,2,5
1486002324,3f1d7407-83b5-4fec-8379-6f829b9cf56d,false,Europe/London,2017-02-02 02:25:24,2017-02-02 02:25:24,2017-02-02,02:25:24,2,25
1486002334,3f1d7407-83b5-4fec-8379-6f829b9cf56d,false,Europe/London,2017-02-02 02:25:34,2017-02-02 02:25:34,2017-02-02,02:25:34,2,25
1486002484,3f1d7407-83b5-4fec-8379-6f829b9cf56d,false,Europe/London,2017-02-02 02:28:04,2017-02-02 02:28:04,2017-02-02,02:28:04,2,28
1486002966,3f1d7407-83b5-4fec-8379-6f829b9cf56d,false,Europe/London,2017-02-02 02:36:06,2017-02-02 02:36:06,2017-02-02,02:36:06,2,36
1486026474,3f1d7407-83b5-4fec-8379-6f829b9cf56d,false,Europe/London,2017-02-02 09:07:54,2017-02-02 09:07:54,2017-02-02,09:07:54,9,7
1486028793,3f1d7407-83b5-4fec-8379-6f829b9cf56d,false,Europe/London,2017-02-02 09:46:33,2017-02-02 09:46:33,2017-02-02,09:46:33,9,46
1486031383,3f1d7407-83b5-4fec-8379-6f829b9cf56d,false,Europe/London,2017-02-02 10:29:43,2017-02-02 10:29:43,2017-02-02,10:29:43,10,29
1486035671,3f1d7407-83b5-4fec-8379-6f829b9cf56d,false,Europe/London,2017-02-02 11:41:11,2017-02-02 11:41:11,2017-02-02,11:41:11,11,41
1486038643,3f1d7407-83b5-4fec-8379-6f829b9cf56d,false,Europe/London,2017-02-02 12:30:43,2017-02-02 12:30:43,2017-02-02,12:30:43,12,30
1486040683,3f1d7407-83b5-4fec-8379-6f829b9cf56d,false,Europe/London,2017-02-02 13:04:43,2017-02-02 13:04:43,2017-02-02,13:04:43,13,4
1486041022,3f1d7407-83b5-4fec-8379-6f829b9cf56d,true,Europe/London,2017-02-02 13:10:22,2017-02-02 13:10:22,2017-02-02,13:10:22,13,10
1486041164,3f1d7407-83b5-4fec-8379-6f829b9cf56d,true,Europe/London,2017-02-02 13:12:44,2017-02-02 13:12:44,2017-02-02,13:12:44,13,12
1486082115,3f1d7407-83b5-4fec-8379-6f829b9cf56d,true,Europe/London,2017-02-03 00:35:15,2017-02-03 00:35:15,2017-02-03,00:35:15,0,35
1486082145,3f1d7407-83b5-4fec-8379-6f829b9cf56d,false,Europe/London,2017-02-03 00:35:45,2017-02-03 00:35:45,2017-02-03,00:35:45,0,35
1486152730,3f1d7407-83b5-4fec-8379-6f829b9cf56d,false,Europe/London,2017-02-03 20:12:10,2017-02-03 20:12:10,2017-02-03,20:12:10,20,12
1486152731,3f1d7407-83b5-4fec-8379-6f829b9cf56d,false,Europe/London,2017-02-03 20:12:11,2017-02-03 20:12:11,2017-02-03,20:12:11,20,12
1486155354,3f1d7407-83b5-4fec-8379-6f829b9cf56d,false,Europe/London,2017-02-03 20:55:54,2017-02-03 20:55:54,2017-02-03,20:55:54,20,55
1486167783,3f1d7407-83b5-4fec-8379-6f829b9cf56d,true,Europe/London,2017-02-04 00:23:03,2017-02-04 00:23:03,2017-02-04,00:23:03,0,23
1486168333,3f1d7407-83b5-4fec-8379-6f829b9cf56d,true,Europe/London,2017-02-04 00:32:13,2017-02-04 00:32:13,2017-02-04,00:32:13,0,32
1486168345,3f1d7407-83b5-4fec-8379-6f829b9cf56d,false,Europe/London,2017-02-04 00:32:25,2017-02-04 00:32:25,2017-02-04,00:32:25,0,32
1486217786,3f1d7407-83b5-4fec-8379-6f829b9cf56d,true,Europe/London,2017-02-04 14:16:26,2017-02-04 14:16:26,2017-02-04,14:16:26,14,16
1486217865,3f1d7407-83b5-4fec-8379-6f829b9cf56d,true,Europe/London,2017-02-04 14:17:45,2017-02-04 14:17:45,2017-02-04,14:17:45,14,17
1486218065,3f1d7407-83b5-4fec-8379-6f829b9cf56d,true,Europe/London,2017-02-04 14:21:05,2017-02-04 14:21:05,2017-02-04,14:21:05,14,21
1486218870,3f1d7407-83b5-4fec-8379-6f829b9cf56d,false,Europe/London,2017-02-04 14:34:30,2017-02-04 14:34:30,2017-02-04,14:34:30,14,34
1486220134,3f1d7407-83b5-4fec-8379-6f829b9cf56d,false,Europe/London,2017-02-04 14:55:34,2017-02-04 14:55:34,2017-02-04,14:55:34,14,55
1486221280,3f1d7407-83b5-4fec-8379-6f829b9cf56d,false,Europe/London,2017-02-04 15:14:40,2017-02-04 15:14:40,2017-02-04,15:14:40,15,14
1486222773,3f1d7407-83b5-4fec-8379-6f829b9cf56d,false,Europe/London,2017-02-04 15:39:33,2017-02-04 15:39:33,2017-02-04,15:39:33,15,39
1486223812,3f1d7407-83b5-4fec-8379-6f829b9cf56d,false,Europe/London,2017-02-04 15:56:52,2017-02-04 15:56:52,2017-02-04,15:56:52,15,56
1486224475,3f1d7407-83b5-4fec-8379-6f829b9cf56d,false,Europe/London,2017-02-04 16:07:55,2017-02-04 16:07:55,2017-02-04,16:07:55,16,7
1486225221,3f1d7407-83b5-4fec-8379-6f829b9cf56d,false,Europe/London,2017-02-04 16:20:21,2017-02-04 16:20:21,2017-02-04,16:20:21,16,20
1486225956,3f1d7407-83b5-4fec-8379-6f829b9cf56d,false,Europe/London,2017-02-04 16:32:36,2017-02-04 16:32:36,2017-02-04,16:32:36,16,32
1486226807,3f1d7407-83b5-4fec-8379-6f829b9cf56d,false,Europe/London,2017-02-04 16:46:47,2017-02-04 16:46:47,2017-02-04,16:46:47,16,46
1486227327,3f1d7407-83b5-4fec-8379-6f829b9cf56d,false,Europe/London,2017-02-04 16:55:27,2017-02-04 16:55:27,2017-02-04,16:55:27,16,55
1486227691,3f1d7407-83b5-4fec-8379-6f829b9cf56d,false,Europe/London,2017-02-04 17:01:31,2017-02-04 17:01:31,2017-02-04,17:01:31,17,1
1486229020,3f1d7407-83b5-4fec-8379-6f829b9cf56d,false,Europe/London,2017-02-04 17:23:40,2017-02-04 17:23:40,2017-02-04,17:23:40,17,23
1486229657,3f1d7407-83b5-4fec-8379-6f829b9cf56d,true,Europe/London,2017-02-04 17:34:17,2017-02-04 17:34:17,2017-02-04,17:34:17,17,34
1486230404,3f1d7407-83b5-4fec-8379-6f829b9cf56d,false,Europe/London,2017-02-04 17:46:44,2017-02-04 17:46:44,2017-02-04,17:46:44,17,46
1486231840,3f1d7407-83b5-4fec-8379-6f829b9cf56d,false,Europe/London,2017-02-04 18:10:40,2017-02-04 18:10:40,2017-02-04,18:10:40,18,10
1486233633,3f1d7407-83b5-4fec-8379-6f829b9cf56d,false,Europe/London,2017-02-04 18:40:33,2017-02-04 18:40:33,2017-02-04,18:40:33,18,40
1486234787,3f1d7407-83b5-4fec-8379-6f829b9cf56d,false,Europe/London,2017-02-04 18:59:47,2017-02-04 18:59:47,2017-02-04,18:59:47,18,59
1486235004,3f1d7407-83b5-4fec-8379-6f829b9cf56d,false,Europe/London,2017-02-04 19:03:24,2017-02-04 19:03:24,2017-02-04,19:03:24,19,3
1486236050,3f1d7407-83b5-4fec-8379-6f829b9cf56d,false,Europe/London,2017-02-04 19:20:50,2017-02-04 19:20:50,2017-02-04,19:20:50,19,20
